a,UFFICIO CENTRALE DI STATISTICA,c,d,e,f,g,h,i,j,k,l,m,n,o,p,q,r,s,t,u,v,w,x,y,z,aa,bb,cc,dd,ee,ff,gg,hh,ii,jj,kk,ll,mm,nn,oo,pp,qq,rr,ss,tt,uu,vv,ww,xx,yy,zz,aaa,bbb,ccc,ddd,eee,fff,ggg,hhh,iii,jjj,kkk,lll,mmm,nnn,ooo,ppp,qqq,rrr,sss,ttt,uuu,vvv,www,xxx,yyy,zzz,aaaa,bbbb
,NUMERO DEI DELITTI DENUNCIATI ALL'AUTORITA' GIUDIZIARIA DALLE FORSE DI POLIZIA - ITALIA - al 31/12/2016,,,,,,,,,,,,,,,,,,,,,,,,,,,,,,,,,,,,,,,,,,,,,,,,,,,,,,,,,,,,,,,,,,,,,,,,,,,,,,
,FONTE DATI: DIPARTIMENTO DELLA PUBBLICA SICUREZZA,,,,,,,,,,,,,,,,,,,,,,,,,,,,,,,,,,,,,,,,,,,,,,,,,,,,,,,,,,,,,,,,,,,,,,,,,,,,,,
,CONSULTARE LA NOTA METODOLOGICA PRESENTE ALL'INDIRIZZO http://ucs.interno.gov.it/ucs/contenuti/170450.htm,,,,,,,,,,,,,,,,,,,,,,,,,,,,,,,,,,,,,,,,,,,,,,,,,,,,,,,,,,,,,,,,,,,,,,,,,,,,,,
,"IN CASO DI UTILIZZO DEI DATI, CITARE LA FONTE.",,,,,,,,,,,,,,,,,,,,,,,,,,,,,,,,,,,,,,,,,,,,,,,,,,,,,,,,,,,,,,,,,,,,,,,,,,,,,,
,,,,,,,,,,,,,,,,,,,,,,,,,,,,,,,,,,,,,,,,,,,,,,,,,,,,,,,,,,,,,,,,,,,,,,,,,,,,,,,
,,,,,,,,,,,,,,,,,,,,,,,,,,,,,,,,,,,,,,,,,,,,,,,,,,,,,,,,,,,,,,,,,,,,,,,,,,,,,,,
,PROVINCE,TOTALE GENERALE DELITTI,ATTENTATI,STRAGE,OMICIDI VOLONTARI,,,,INFANTICIDI,TENTATI OMICIDI,,,,OMICIDIO PRETERINTENZIONALE,OMICIDI COLPOSI,,,LESIONI DOLOSE,PERCOSSE,MINACCE,INGIURIE,VIOLENZE SESSUALI,,,,,"ATTI SESSUALI 
CON MINORENNE","CORRUZIONE
DI MINORENNE",FURTI,,,,,,,,,,,,RICETTAZIONE,RAPINE,,,,,,,,,,ESTORSIONI,USURA,SEQUESTRI DI PERSONA,,,ASSOCIAZIONE PER DELINQUERE,ASSOCIAZIONE DI TIPO MAFIOSO,"RICICLAGGIO E
IMPIEGO DI DENARO",TRUFFE E FRODI INFORMATICHE,INCENDI,,DANNEGGIAMENTI,DANNEGGIAMENTO SEGUITO DA INCENDIO,CONTRABBANDO,STUPEFACENTI,,,,,SFRUTTAMENTO DELLA PROSTITUZIONE E PORNOGRAFIA MIN,,,,,DELITTI INFORMATICI,"CONTRAFFAZIONE DI 
MARCHI E PRODOTTI INDUSTRIALI",VIOLAZIONE ALLA PROPRIETA' INTELLETTUALE,ALTRI DELITTI
,,,0,,TOTALE,di cui,,,,TOTALE,di cui,,,,TOTALE,di cui,,,0,,,TOTALE,di cui,,,,,,TOTALE,di cui,,,,,,,,,,,, TOTALE,di cui,,,,,,,,,,, TOTALE,di cui,,,,,,TOTALE ,di cui Incendi boschivi,,,,STUPEFACENTI TOTALE di cui:,di cui,,,,TOTALE,di cui,,,,,,,
,,,0,,,a scopo di furto o rapina,di tipo mafioso, a scopo terroristico,,,a scopo di furto o rapina, di tipo mafioso, a scopo terroristico,,,"Omicidio da
 incidente stradale",Omicidio da incidente sul lavoro,,0,,,,"su maggiori 
di anni 14","in danno di minori 
di anni 14","di gruppo su 
maggiori di anni 14","di gruppo in danno 
di minori di anni 14",,,,con strappo,con destrezza, in danno di uffici pubblici, in abitazione, in esercizi commerciali, su auto in sosta, di opere d'arte e materiale archeologico, di automezzi pesanti trasportanti merci, di ciclomotori, di motociclo, di autovetture,,, in abitazione, in banca, in uffici postali, in esercizi commerciali," a rappresentati 
di preziosi", a trasportatori di valori bancari, a trasportatori di valori postali, in pubblica via, di automezzi pesanti trasportanti merci,,,, a scopo estorsivo, per motivi sessuali,,,,,,,,,,,Produzione e traffico,Spaccio,Associazione per produzione o traffico di stupefac,Associazione per spaccio di stupefacenti,,Sfruttamento e favoreggiamento prostituzione minor,Pornografia minorile,Detenzione materiale pedopornografico,Sfrutt. E favoreggiamento prostituzione non minori,,,,
Piemonte,Alessandria,16739,0,0,4,1,0,0,0,12,0,0,0,1,16,12,1,476,93,458,72,30,25,3,1,0,2,0,8674,60,671,0,2327,862,961,5,6,51,23,272,286,154,29,0,3,24,0,0,1,71,0,50,0,12,1,0,11,1,23,1139,38,11,1926,24,2,189,33,121,1,0,10,0,2,1,7,72,31,0,2933
Piemonte,Asti,8756,0,1,0,0,0,0,0,3,0,0,0,0,6,6,0,210,55,254,63,11,11,0,0,0,1,1,4691,45,470,1,1395,356,453,0,3,26,16,204,76,74,16,3,2,10,0,0,0,28,0,66,0,5,1,0,2,0,1,672,11,2,1267,29,0,57,7,37,0,0,6,0,2,1,3,116,10,0,1068
Piemonte,Biella,5994,0,0,0,0,0,0,0,0,0,0,0,0,4,2,2,186,56,243,23,9,7,0,1,0,1,0,2659,12,310,0,923,341,220,1,2,22,6,61,45,18,1,0,1,5,0,0,0,10,0,18,1,1,0,0,0,0,2,563,14,8,918,11,0,87,5,49,0,0,3,0,0,0,3,23,2,2,1105
Piemonte,Cuneo,16467,1,0,4,0,0,0,0,6,0,0,0,0,18,16,0,455,115,652,124,17,15,2,0,0,0,0,8382,43,584,0,3334,634,764,3,5,17,19,225,120,117,31,4,2,24,0,0,0,40,0,54,0,8,0,0,0,0,6,1130,61,36,1909,31,0,245,19,154,0,0,13,1,4,2,5,137,13,0,2849
Piemonte,Novara,13522,5,1,5,1,0,0,0,5,0,0,0,0,13,9,2,394,118,553,68,30,25,2,1,0,1,0,6206,37,710,0,1186,748,714,3,1,32,22,180,71,96,12,2,0,31,0,0,0,30,0,75,2,3,0,0,1,0,5,1094,21,9,1865,26,0,104,14,77,0,0,27,1,1,0,20,54,9,1,2669
Piemonte,Torino,136384,13,1,10,0,0,0,1,28,0,0,0,1,23,14,0,2559,566,3037,624,156,141,13,2,0,16,2,73050,1367,16056,3,10514,4793,13058,9,60,235,592,5663,843,1920,131,28,16,281,1,0,0,1163,0,330,17,40,6,1,11,0,60,7074,151,40,26441,262,0,1516,88,936,1,1,89,7,9,14,46,384,178,6,16975
Piemonte,Verbano-Cusio-Ossola,4211,0,0,1,0,0,0,0,0,0,0,0,0,6,4,0,164,38,213,33,12,11,1,0,0,2,1,1572,6,89,0,319,176,150,2,1,20,8,18,32,13,4,0,0,3,0,0,0,4,0,32,1,4,0,1,3,0,1,521,22,13,492,6,2,113,19,71,0,0,7,1,1,0,5,31,11,0,878
Piemonte,Vercelli,5643,1,0,2,0,0,0,0,3,0,0,0,0,9,9,0,222,50,261,66,10,8,2,0,0,4,0,2332,9,266,0,577,227,236,9,0,6,7,58,50,43,2,5,1,6,0,0,0,13,0,20,0,6,0,0,2,0,2,445,15,3,822,15,0,91,12,65,0,0,3,0,0,0,3,37,7,1,1124
Valle d'Aosta,Aosta,4035,1,0,0,0,0,0,0,3,0,0,0,0,6,3,0,146,38,148,19,5,5,0,0,0,0,0,1627,5,82,0,337,136,164,0,0,7,7,31,33,19,1,0,0,5,0,0,0,8,0,19,1,0,0,0,0,0,2,383,4,1,438,9,0,45,2,36,0,0,2,0,0,1,1,79,4,0,1004
Lombardia,Bergamo,43816,1,0,3,0,0,0,0,14,0,0,0,0,37,32,0,1143,368,1330,254,83,72,10,0,0,11,3,23618,178,1596,0,5027,1692,4316,4,14,263,230,1136,339,492,61,13,7,52,0,0,0,248,0,110,9,17,2,1,4,0,17,3095,86,12,4611,49,7,415,31,279,0,2,19,7,2,4,6,127,65,0,7489
Lombardia,Brescia,49034,8,1,3,0,0,0,0,13,0,0,0,0,33,27,3,1304,386,1588,329,69,50,16,2,0,8,1,25548,191,2217,0,5764,2140,4253,14,16,143,96,1218,350,471,56,11,7,92,0,0,0,219,0,168,7,15,2,0,7,0,34,2815,125,72,6595,93,1,820,55,563,1,1,37,15,4,7,10,317,158,7,7723
Lombardia,Como,17740,2,0,0,0,0,0,0,8,0,0,0,1,5,4,0,496,80,492,120,38,34,3,0,0,5,1,10051,50,601,0,3009,810,1365,2,3,109,81,494,105,180,21,0,4,40,0,0,0,62,0,77,5,8,1,0,3,0,9,1024,66,35,1613,32,0,212,46,110,0,0,13,0,5,2,5,52,21,3,3018
Lombardia,Cremona,10922,1,0,2,0,0,0,0,4,0,0,0,0,11,9,1,358,109,405,62,27,22,3,1,0,6,1,5368,46,386,1,1404,417,535,2,5,18,11,169,58,104,19,2,0,27,0,1,0,37,0,62,3,8,1,0,2,0,4,852,8,0,1215,13,0,123,12,80,0,0,12,1,1,0,8,69,10,1,2024
Lombardia,Lecco,11165,0,0,1,0,0,0,0,1,0,0,0,0,9,7,0,240,81,400,65,19,17,2,0,0,3,0,5789,22,233,1,1932,365,750,1,0,43,45,264,63,64,8,1,3,17,0,0,0,21,0,38,1,0,0,0,0,0,3,829,17,5,1517,24,0,54,8,29,0,0,3,1,1,1,0,32,9,8,1895
Lombardia,Lodi,6602,1,0,1,0,0,0,0,3,2,0,0,0,3,3,0,209,59,244,57,18,15,3,0,0,1,2,3504,14,299,0,729,341,349,2,6,24,12,160,48,53,8,0,1,12,0,0,0,22,0,20,1,0,0,0,0,0,2,457,10,0,660,10,1,71,5,45,0,0,5,1,2,0,2,21,2,2,1137
Lombardia,Mantova,13770,1,0,0,0,0,0,0,6,0,0,0,0,12,9,1,404,80,443,94,23,17,5,1,0,2,1,7268,39,725,0,1557,679,996,1,4,37,27,219,87,87,15,1,0,19,0,0,0,29,0,53,5,7,1,0,2,0,4,1092,32,0,1709,20,0,87,13,55,0,0,13,1,2,1,8,85,20,3,2130
Lombardia,Milano,237365,11,1,17,1,0,0,0,69,9,0,2,0,57,38,1,4012,1062,4008,875,428,373,44,3,1,32,16,145958,1931,26166,1,17526,11175,22653,30,72,1127,3503,9959,1284,3726,210,60,27,495,0,1,0,2196,1,529,6,55,6,3,16,2,58,11105,268,0,26503,342,0,2500,224,1698,1,2,75,5,19,13,33,664,229,12,33445
Lombardia,Monza e della Brianza,26779,0,0,3,0,0,0,0,6,0,0,0,0,12,9,0,597,176,660,126,63,48,12,2,0,2,2,18861,163,1454,1,4808,1429,3278,1,9,115,216,1174,117,287,21,2,1,53,0,0,0,143,0,65,6,5,1,0,3,0,9,716,45,1,2152,61,0,326,20,227,0,0,11,1,3,0,4,23,41,1,2403
Lombardia,Pavia,23618,1,0,2,0,0,0,0,9,0,0,0,0,12,9,0,588,95,634,92,32,30,1,1,0,3,2,12817,69,1023,0,3016,866,2028,4,7,83,64,622,129,173,28,8,2,23,0,0,0,79,0,49,0,6,0,0,2,0,14,1042,26,9,4093,36,0,167,17,112,0,1,11,1,3,3,4,43,29,1,3510
Lombardia,Sondrio,4160,0,0,2,0,0,0,0,2,0,0,0,0,0,0,0,194,28,194,29,7,6,0,0,0,2,1,1264,4,61,0,240,167,59,0,1,6,7,29,50,19,2,0,0,2,0,0,0,9,0,32,1,2,0,0,1,0,1,463,11,3,477,20,1,112,7,77,0,0,5,2,0,1,2,18,20,4,1200
Lombardia,Varese,29779,1,0,3,1,0,0,0,6,0,0,0,0,17,17,0,889,196,959,186,68,60,5,1,0,6,4,14531,129,1537,0,3501,1180,2021,3,6,130,112,662,268,281,27,4,0,49,0,0,0,124,0,149,1,9,4,0,4,0,44,1861,52,7,3480,59,8,526,191,235,0,0,26,1,9,3,11,128,67,1,5949
Liguria,Genova,45111,3,0,7,0,0,0,0,10,0,0,0,0,17,9,0,937,146,799,110,81,73,7,0,0,5,3,20918,287,5188,0,2754,1769,2143,6,2,181,1464,479,615,467,37,7,0,85,0,0,0,277,1,180,1,13,0,0,7,0,87,3125,98,74,8639,72,43,762,39,534,4,0,27,4,7,7,7,804,411,23,6701
Liguria,Imperia,10906,3,0,0,0,0,0,0,9,0,0,0,0,8,7,0,343,73,453,85,10,8,2,0,0,2,1,5139,50,472,0,962,506,367,3,1,127,215,121,170,91,8,0,0,11,0,0,0,50,0,51,1,4,0,0,2,0,11,808,124,85,895,35,0,242,41,138,0,0,15,0,0,0,15,113,87,0,2131
Liguria,La Spezia,9873,1,0,0,0,0,0,0,6,1,0,0,0,5,5,0,236,38,224,32,23,20,1,0,0,3,0,4682,22,769,0,838,444,676,3,0,34,55,90,99,87,10,2,0,13,0,0,0,51,0,32,4,6,1,0,3,1,2,796,33,21,1178,5,3,222,15,141,2,0,12,1,1,4,4,298,49,2,1791
Liguria,Savona,13943,4,0,0,0,0,0,0,3,0,0,0,0,5,3,1,360,92,305,67,24,18,5,1,0,3,0,7197,57,1033,0,1737,735,553,3,2,98,184,156,131,123,15,3,2,18,0,0,0,60,0,42,0,4,1,0,1,0,5,1092,56,38,1582,15,0,169,12,119,0,0,6,0,1,2,2,314,76,0,2267
Trentino Alto Adige,Bolzano,17278,10,0,3,0,0,0,0,4,0,0,0,1,21,17,1,643,112,464,86,48,35,8,2,0,0,2,8530,54,1375,0,929,1109,778,1,0,67,69,98,181,147,8,0,0,28,0,0,0,93,0,85,3,10,0,0,30,0,11,1193,19,1,1129,24,0,275,21,152,1,0,9,1,2,2,3,71,7,0,4160
Trentino Alto Adige,Trento,16323,8,0,0,0,0,0,0,7,0,0,0,0,12,11,0,467,104,434,54,44,39,3,0,0,5,5,8195,33,588,0,1542,646,1309,1,2,31,21,78,135,134,8,2,0,21,0,0,0,82,0,59,0,9,3,0,22,0,18,1142,46,13,1349,34,0,274,20,161,1,3,8,2,2,1,3,72,7,4,3675
Veneto,Belluno,4782,2,0,0,0,0,0,0,1,0,0,0,0,4,2,1,190,60,202,30,14,13,1,0,0,3,1,1645,1,101,0,456,189,163,3,0,3,0,24,23,13,5,0,0,4,0,0,0,2,0,19,0,0,0,0,1,0,1,679,14,3,544,11,0,36,8,17,0,0,8,0,1,5,1,21,9,0,1251
Veneto,Padova,37084,0,0,5,1,0,0,0,8,0,0,0,0,30,26,1,880,222,1022,225,58,51,7,0,0,2,1,19781,141,2110,0,3856,1639,2729,5,10,101,67,484,343,302,41,12,0,55,0,0,0,138,0,103,0,9,0,0,7,0,19,2149,26,1,4567,31,0,868,40,723,0,0,12,2,3,3,4,178,55,3,6178
Veneto,Rovigo,7153,1,0,7,0,0,0,0,3,0,0,0,0,9,8,0,206,59,253,54,18,12,3,0,0,1,0,3808,18,202,0,779,308,609,3,3,14,10,94,62,29,5,0,1,4,0,0,0,13,0,25,1,5,0,0,0,0,3,505,17,1,616,13,0,74,13,47,0,1,3,1,0,0,2,32,18,0,1331
Veneto,Treviso,21422,0,0,2,0,0,0,0,2,0,0,0,0,33,32,0,525,137,508,92,18,17,1,0,0,6,1,12197,53,776,0,3313,889,1694,3,10,39,29,243,94,122,15,2,0,30,0,0,0,44,0,41,3,3,0,0,2,0,6,1498,20,3,1699,36,0,206,22,145,0,1,15,0,3,7,5,58,17,3,4078
Veneto,Venezia,38351,2,0,3,0,0,0,0,14,1,0,0,0,22,20,1,907,234,929,128,56,44,5,5,0,10,2,23462,117,4939,0,3742,2085,2695,9,1,87,47,276,363,278,26,7,1,51,0,0,0,153,0,77,9,8,4,0,2,1,12,1929,36,1,3144,69,0,545,38,350,0,0,26,0,8,4,10,128,223,0,5732
Veneto,Verona,35862,7,0,7,1,0,0,0,9,0,0,0,0,25,24,0,884,191,824,191,59,50,8,0,0,6,1,20957,127,2332,0,3870,1696,3615,3,16,131,121,523,279,349,31,6,0,80,0,0,0,143,0,103,18,16,3,0,11,0,40,1797,76,9,3606,34,0,333,20,211,0,0,23,1,5,2,13,119,93,1,5803
Veneto,Vicenza,25146,1,0,2,0,0,0,0,7,0,0,0,0,24,17,2,657,136,615,74,34,26,4,3,0,5,2,14338,67,1091,1,2910,1032,2038,9,15,68,28,379,133,152,20,3,0,15,0,0,0,83,0,98,8,4,0,0,2,0,22,1918,43,5,2616,38,1,219,36,146,0,0,13,1,2,0,8,114,17,0,3853
Friuli Venezia Giulia,Gorizia,4359,0,0,1,0,0,0,0,3,0,0,0,0,6,4,0,139,34,149,36,16,15,1,0,0,0,0,1873,5,150,0,249,198,158,0,0,5,9,34,47,9,0,0,1,1,0,0,0,3,0,21,1,5,0,0,1,0,4,415,9,0,478,5,0,72,9,47,0,0,2,0,0,0,2,28,21,1,983
Friuli Venezia Giulia,Pordenone,6794,1,0,2,0,0,0,0,2,0,0,0,0,5,4,1,173,50,190,33,23,19,2,0,0,3,1,3369,7,268,0,819,290,329,1,0,5,5,49,47,41,6,0,1,13,0,0,0,12,0,24,1,4,1,0,2,0,4,732,12,0,427,11,0,74,7,50,0,0,1,0,1,0,0,35,10,1,1516
Friuli Venezia Giulia,Trieste,9883,1,0,3,1,0,0,0,0,0,0,0,0,14,11,1,323,66,302,37,33,27,2,0,0,5,0,4718,22,1079,0,688,653,271,3,1,75,190,140,99,91,16,0,0,21,0,0,0,34,0,53,2,2,0,0,3,0,7,936,33,21,821,13,0,198,13,120,1,0,3,0,1,0,2,45,17,10,2048
Friuli Venezia Giulia,Udine,14471,3,0,1,0,0,0,0,8,0,0,0,0,12,11,1,362,64,305,57,27,23,3,0,0,3,1,7587,57,597,0,1562,763,1089,5,0,25,15,107,111,80,10,0,4,26,0,0,0,26,0,35,0,9,0,0,2,0,3,1446,26,0,1403,12,0,161,15,100,0,0,11,1,0,5,4,68,24,3,2647
Emilia Romagna,Bologna,67022,4,1,7,1,0,0,0,18,2,0,0,0,23,17,2,1250,308,1313,210,133,124,6,3,0,13,4,41245,473,8164,0,5941,3554,4906,6,16,321,584,899,521,717,44,19,14,91,0,0,0,435,0,274,6,18,3,0,12,0,17,3586,61,10,5386,131,3,798,48,571,0,1,49,6,8,5,22,338,99,2,10475
Emilia Romagna,Ferrara,15115,2,0,2,0,0,0,0,3,0,0,0,0,11,9,0,400,113,471,62,21,20,0,0,0,2,0,8823,83,848,0,1517,806,1271,6,2,27,23,170,137,133,12,2,6,27,0,0,0,65,0,38,0,5,0,0,4,0,6,768,27,0,1179,25,0,149,11,100,0,0,19,0,3,0,16,36,28,0,2651
Emilia Romagna,Forl√¨ - Cesena,15945,2,0,0,0,0,0,0,4,0,0,0,0,19,18,0,379,77,453,71,39,38,1,0,0,0,4,9347,42,808,0,2158,952,1097,2,3,55,24,159,103,112,18,4,2,12,0,1,0,43,0,54,1,12,0,0,6,0,2,882,18,5,1094,15,0,178,15,85,0,0,11,1,3,1,5,63,16,1,2982
Emilia Romagna,Modena,32523,1,0,4,0,0,0,0,3,0,0,0,1,14,11,0,740,143,711,81,40,30,5,3,1,1,1,19583,221,2370,0,4428,1534,3325,5,6,120,66,391,178,256,33,6,1,47,1,0,0,111,0,67,5,8,0,0,5,0,36,1566,50,11,3651,41,0,269,24,196,0,0,22,1,4,4,12,83,21,0,4942
Emilia Romagna,Parma,21123,2,0,5,0,0,0,0,6,0,0,0,0,14,8,2,575,140,600,156,35,33,2,0,0,1,0,11343,70,2170,0,2053,1019,1324,12,7,80,42,250,221,170,29,0,1,35,1,0,0,81,0,107,52,7,1,0,0,0,7,1194,31,7,2207,28,0,211,17,135,0,0,6,0,0,0,5,61,43,1,3900
Emilia Romagna,Piacenza,10637,1,0,3,0,0,0,0,4,2,0,0,0,14,11,1,306,52,265,51,14,13,1,0,0,3,1,5732,30,703,1,1290,451,696,2,15,18,19,196,93,85,10,1,1,8,0,0,0,44,1,59,4,8,1,1,6,0,2,747,27,6,1177,13,1,199,12,141,0,0,18,1,3,1,9,39,8,0,1705
Emilia Romagna,Ravenna,18995,1,0,2,0,0,0,0,2,0,0,0,0,24,18,3,503,120,546,99,49,46,1,1,0,1,3,11069,110,1062,0,2049,936,1348,0,6,70,49,239,156,196,22,13,2,33,0,0,0,96,0,66,1,8,1,1,1,0,4,1098,22,4,1344,21,0,371,36,248,0,0,24,2,1,1,16,45,41,8,3170
Emilia Romagna,Reggio Emilia,23863,6,0,3,0,0,0,0,6,0,0,0,0,8,6,0,548,114,600,118,26,22,3,0,0,2,2,14975,158,1161,0,2961,952,2641,5,4,103,42,283,118,188,14,4,1,40,0,0,0,86,0,58,18,5,0,1,3,1,6,1170,22,4,2220,35,0,178,17,118,0,0,11,0,4,0,6,62,20,1,3339
Emilia Romagna,Rimini,24261,3,0,2,0,0,0,0,4,0,0,0,1,10,8,0,513,107,542,91,40,26,8,2,0,4,7,16266,145,3579,0,1789,1090,1574,1,7,219,120,272,194,298,23,6,3,35,0,0,0,173,0,87,1,10,3,0,0,0,4,987,20,4,1530,29,0,248,17,160,1,0,14,2,1,1,7,47,108,4,3090
Toscana,Arezzo,9786,1,0,2,0,0,0,0,5,0,0,0,0,11,8,0,276,64,357,86,21,21,0,0,0,4,2,4713,36,345,0,1014,430,561,4,0,70,39,134,109,76,14,3,1,13,0,0,0,24,0,53,4,6,0,0,3,0,2,779,47,28,771,13,0,240,25,182,0,0,14,5,1,0,7,164,7,1,1955
Toscana,Firenze,57058,2,0,4,1,0,0,0,18,0,0,0,0,15,11,0,1191,203,1074,242,90,82,4,2,0,6,2,33183,400,6880,1,5087,2989,3992,16,7,481,691,743,530,577,64,16,7,85,0,0,0,324,0,194,2,13,1,1,5,0,155,2595,130,67,6564,57,0,827,38,528,0,0,27,2,7,5,10,320,133,4,8895
Toscana,Grosseto,9329,5,0,0,0,0,0,0,4,0,0,0,1,14,11,0,286,63,289,47,12,12,0,0,0,3,0,4729,32,286,0,934,288,546,4,3,79,66,83,81,56,4,2,1,9,0,0,0,23,0,35,1,8,0,0,1,0,7,619,47,26,998,19,0,192,15,158,0,0,1,0,0,0,1,55,43,0,1713
Toscana,Livorno,15544,6,0,4,0,0,0,0,7,0,0,0,0,13,9,2,498,92,430,43,26,19,6,0,0,2,0,8185,49,577,0,994,723,1178,3,3,339,374,169,176,124,14,3,2,26,0,0,0,57,0,55,0,4,0,0,1,0,11,836,34,19,1772,20,5,269,10,188,0,1,12,0,2,1,8,61,34,0,2824
Toscana,Lucca,19022,1,1,5,0,0,0,0,3,0,0,0,1,11,10,0,421,103,426,74,23,22,1,0,0,2,0,11948,171,1385,0,2542,802,1575,10,4,136,121,196,153,180,10,6,3,18,1,0,0,113,0,60,0,3,1,0,2,0,3,960,85,66,1564,23,0,236,27,183,0,0,12,1,5,4,1,113,39,0,2570
Toscana,Massa Carrara,7683,2,0,2,0,0,0,0,0,0,0,0,0,3,3,0,245,71,253,55,12,12,0,0,0,0,0,4204,48,499,0,920,330,795,4,2,35,26,69,88,75,8,6,1,13,0,0,0,28,0,20,0,5,0,0,0,0,2,354,49,38,743,16,0,125,13,96,0,0,8,0,1,1,5,67,18,5,1261
Toscana,Pisa,21105,1,0,2,0,0,0,0,3,0,0,0,0,16,9,0,394,88,362,82,36,31,4,0,0,4,1,13392,112,1891,0,2235,1125,2078,3,10,136,139,216,264,227,23,8,2,34,0,0,0,107,1,59,0,9,2,0,3,0,6,1033,73,49,1393,39,0,359,16,270,0,1,15,3,2,1,9,77,47,6,3114
Toscana,Pistoia,13009,1,0,2,0,0,0,0,8,0,0,0,0,9,7,1,289,73,342,57,15,14,1,0,0,8,1,7091,28,544,0,1527,528,1271,6,4,54,23,137,151,95,16,1,0,17,0,0,0,37,0,31,1,4,2,0,10,0,12,750,46,36,1645,18,0,140,13,100,0,0,14,0,2,4,8,72,24,0,2100
Toscana,Prato,15187,1,0,1,1,0,0,0,9,0,0,0,1,3,2,0,288,58,292,48,13,12,0,0,0,4,0,7678,241,611,0,1235,537,1885,3,1,54,43,228,150,197,11,1,1,20,0,0,0,128,0,42,1,3,1,0,6,0,104,677,17,3,2684,20,0,261,5,202,0,0,11,0,2,1,5,34,45,0,2539
Toscana,Siena,8333,1,0,1,0,0,0,0,1,0,0,0,0,11,11,0,260,54,264,31,22,19,3,0,0,0,0,4148,12,410,0,965,359,498,4,3,33,35,80,69,46,7,11,1,9,0,0,0,10,0,40,1,2,0,0,14,0,1,943,20,12,689,5,0,74,10,42,0,0,8,1,1,0,5,62,8,3,1555
Umbria,Perugia,22869,0,1,3,0,0,0,0,11,1,0,0,0,7,2,1,714,176,877,258,35,31,0,1,1,3,0,11049,123,1314,0,2387,911,1958,11,6,101,41,286,193,199,21,3,2,32,0,0,0,96,0,135,2,15,3,0,5,0,1,1540,50,13,2412,42,0,354,28,255,0,2,18,4,4,3,6,173,16,4,4576
Umbria,Terni,7209,1,0,1,0,0,0,0,1,0,0,0,0,7,6,0,206,51,190,41,9,7,1,0,0,1,2,3270,22,206,0,695,246,359,5,13,38,23,93,58,35,4,2,0,6,0,0,0,11,0,35,2,2,0,0,4,1,0,485,6,2,1112,3,0,140,6,114,0,1,3,0,1,1,1,56,14,2,1471
Marche,Ancona,14981,1,0,0,0,0,0,0,2,0,0,0,0,17,14,1,397,72,447,61,26,23,0,1,0,5,0,7504,32,600,0,1608,616,1167,2,10,108,46,221,197,89,16,1,5,20,1,0,0,29,0,66,3,9,1,0,8,0,15,1088,14,0,1264,26,0,327,17,219,0,0,30,2,6,4,15,124,61,3,3125
Marche,Ascoli Piceno,6596,2,0,1,0,0,0,0,2,0,0,0,1,6,4,0,187,40,208,57,6,5,1,0,0,2,0,3212,20,195,0,594,234,418,3,7,46,19,136,76,35,4,0,1,4,0,0,0,15,0,24,3,2,0,0,0,0,1,593,12,0,686,4,0,81,12,52,0,0,2,0,0,0,2,33,25,2,1293
Marche,Fermo,5517,1,0,0,0,0,0,0,0,0,0,0,2,3,2,1,176,31,188,49,5,4,1,0,0,1,0,3486,17,238,1,832,272,516,1,3,18,10,177,42,43,7,0,2,3,0,0,0,15,0,31,2,4,0,0,2,0,1,197,27,0,462,15,0,52,5,31,0,0,6,0,0,0,3,7,10,0,674
Marche,Macerata,9929,2,0,1,0,0,0,0,1,0,0,0,0,13,9,0,282,52,289,62,12,9,3,0,0,0,0,5218,30,231,0,1025,391,840,4,2,38,13,184,95,60,11,8,3,6,0,0,0,16,0,30,3,3,0,0,4,0,3,721,21,2,970,18,0,326,19,188,1,0,6,0,0,0,4,74,50,2,1611
Marche,Pesaro - Urbino,9982,0,0,0,0,0,0,0,1,0,0,0,0,10,9,0,257,67,326,51,24,20,4,0,0,3,0,5446,11,396,0,1172,461,612,4,7,48,20,109,106,60,12,4,2,6,0,0,0,20,0,47,2,3,1,0,2,0,28,620,15,0,890,18,0,147,15,102,1,0,9,0,1,0,5,56,34,3,1757
Lazio,Frosinone,12609,1,0,1,0,0,0,0,2,0,0,0,0,12,9,0,534,113,771,221,17,14,0,2,0,6,0,5146,44,456,0,1205,492,532,6,7,29,25,381,85,133,14,6,8,28,0,0,0,42,0,55,9,4,1,0,6,0,12,1013,121,72,1100,21,0,203,17,120,1,0,10,1,0,1,7,68,23,3,2919
Lazio,Latina,21363,5,0,7,1,0,0,0,14,1,0,0,0,21,18,0,675,107,909,253,31,26,4,0,0,5,1,10832,82,764,1,2148,852,1449,2,4,178,124,958,159,212,25,5,4,39,0,0,0,91,0,78,2,16,3,0,11,0,16,1348,237,190,1992,53,0,287,28,147,0,0,9,1,3,0,5,55,148,10,3870
Lazio,Rieti,3571,0,0,2,0,0,0,0,2,0,0,0,0,3,3,0,98,17,149,28,6,5,1,0,0,0,0,1427,5,113,0,337,118,155,2,0,7,11,77,42,12,3,0,0,1,0,0,0,6,0,13,1,1,0,0,2,0,7,320,37,23,472,8,0,62,4,30,0,0,0,0,0,0,0,15,11,1,835
Lazio,Roma,228856,23,1,21,0,0,0,0,109,7,0,0,0,126,84,0,4380,692,4250,751,352,308,36,4,0,43,12,140228,1846,24575,2,12071,7926,20753,29,60,1419,6221,16033,1725,3295,234,40,23,647,0,1,1,1703,0,730,22,78,15,0,42,0,100,10856,327,72,17802,419,7,4920,295,3042,7,7,113,9,29,20,50,877,1017,120,35418
Lazio,Viterbo,9551,2,0,3,0,0,0,0,9,1,0,0,0,17,10,0,311,61,410,112,20,19,0,0,0,2,0,4359,9,238,0,974,299,647,6,7,79,18,148,101,40,10,1,2,6,0,0,0,9,0,41,1,7,0,0,5,0,3,715,73,21,956,18,0,226,26,120,0,1,16,2,5,2,7,95,43,2,1903
Abruzzo,Chieti,11505,5,0,1,0,0,0,0,4,0,0,0,0,15,12,1,362,65,485,101,15,11,4,0,0,4,1,5796,49,235,1,1159,506,612,4,17,54,72,603,79,74,13,1,6,11,0,0,0,21,0,51,0,8,1,0,2,0,7,876,35,15,1436,36,0,99,15,63,0,0,4,0,1,2,1,42,7,2,1893
Abruzzo,L'Aquila,7275,0,0,0,0,0,0,0,4,0,0,0,0,6,2,0,307,55,353,88,14,14,0,0,0,1,0,3087,16,164,0,788,267,290,3,5,16,11,140,57,46,8,0,2,9,0,0,0,16,0,44,3,3,0,0,5,0,3,655,34,14,661,26,0,154,10,108,1,0,4,0,0,0,3,66,11,0,1588
Abruzzo,Pescara,14436,0,0,4,2,0,0,0,2,0,0,0,0,4,3,1,405,87,494,175,26,22,3,0,0,3,0,7194,61,464,0,994,812,830,4,11,121,118,627,124,146,18,4,3,48,0,0,0,52,0,62,6,1,0,0,3,0,3,927,26,2,1625,29,0,190,10,146,0,0,7,0,0,1,6,107,58,3,2725
Abruzzo,Teramo,9865,3,0,1,0,0,0,0,3,0,0,0,0,10,7,0,261,51,364,86,13,12,0,1,0,0,0,5186,31,319,0,983,420,407,4,10,57,20,248,72,67,13,1,3,10,0,0,0,22,0,26,2,5,1,0,0,0,3,626,31,7,841,22,0,148,17,100,0,0,20,0,0,2,14,65,51,3,1905
Molise,Campobasso,5938,2,0,0,0,0,0,0,3,0,0,0,0,6,3,0,182,42,210,41,24,22,1,0,0,1,1,2807,22,134,0,410,204,299,1,3,47,25,442,41,30,5,2,4,2,0,0,0,11,0,35,3,3,0,0,4,0,0,696,37,14,576,15,0,71,9,49,0,0,4,0,0,0,4,50,16,3,1035
Molise,Isernia,2257,0,0,1,0,0,0,0,1,0,0,0,0,3,2,0,98,21,150,62,1,1,0,0,0,0,1,663,5,29,0,166,51,55,5,0,3,2,23,25,13,1,1,0,4,0,0,0,3,0,22,0,2,1,0,1,0,0,206,24,19,217,7,0,49,6,34,0,0,3,0,1,0,2,37,18,1,631
Campania,Avellino,11715,1,2,2,0,1,0,0,3,0,0,0,0,12,6,2,518,137,995,317,27,25,0,1,0,4,1,3880,16,264,0,946,237,361,3,9,17,22,379,135,52,18,5,1,5,0,0,0,14,0,72,5,13,1,0,5,0,5,1300,172,118,885,50,0,154,16,89,0,1,11,0,2,1,7,39,31,5,2882
Campania,Benevento,6553,2,0,1,0,0,0,0,8,0,0,0,0,9,6,1,298,65,370,60,12,10,0,1,0,3,0,2555,34,142,0,699,156,162,1,13,16,18,182,57,51,16,3,1,4,0,0,0,16,0,43,0,3,0,0,2,0,3,664,122,92,578,45,0,98,4,86,0,0,4,0,0,2,2,28,33,9,1430
Campania,Caserta,31464,12,1,6,0,1,0,0,18,3,0,0,1,23,19,0,913,198,1196,199,41,30,9,0,0,8,2,17017,213,793,2,2348,1078,1705,9,17,256,323,3717,283,845,55,1,7,55,0,1,1,532,5,254,7,17,5,1,14,7,32,2560,161,66,1298,58,36,403,34,286,1,1,32,3,3,1,22,87,55,62,5618
Campania,Napoli,136043,25,1,63,1,33,0,1,98,8,14,0,2,62,35,4,3755,664,4380,1075,171,132,29,3,0,25,4,70249,2489,6228,6,4250,3288,6958,15,74,1619,5768,16262,1836,6607,122,33,36,335,0,2,3,5006,26,696,27,67,21,0,65,22,172,10898,292,30,5000,250,228,1798,103,1354,17,3,64,12,17,8,25,349,1261,179,25657
Campania,Salerno,36721,20,0,10,0,0,0,0,23,2,0,0,1,34,14,5,1266,258,1769,358,56,50,3,1,0,7,1,18060,189,1551,3,2347,1148,2376,16,14,196,643,2449,312,361,42,3,5,63,0,0,1,150,0,238,7,23,4,0,9,2,21,2759,494,375,2460,202,15,536,53,351,4,2,16,2,1,1,12,133,102,30,7138
Puglia,Bari,52980,4,0,12,0,1,0,0,25,0,2,0,1,49,30,2,1545,267,1772,439,65,61,2,0,1,10,2,31108,835,1822,0,4102,1373,3521,5,37,285,745,7249,458,957,46,18,6,262,0,0,0,362,18,206,10,33,12,0,8,2,36,2501,215,23,3753,211,4,705,49,518,2,0,20,0,6,0,14,115,169,6,8272
Puglia,Barletta-Andria-Trani,13036,6,0,2,0,0,0,0,14,0,0,0,1,9,7,0,513,63,533,186,12,10,1,0,0,3,1,7425,102,221,0,661,238,625,1,9,96,91,2388,147,172,13,7,0,36,0,0,0,66,3,72,0,17,8,0,1,0,19,334,85,9,1096,108,0,221,8,173,0,0,6,1,0,0,5,5,56,8,1921
Puglia,Brindisi,13849,0,0,1,0,0,0,1,13,0,0,0,1,10,6,0,382,81,537,151,23,20,2,0,0,4,0,6792,21,318,1,1329,294,547,3,12,73,104,1187,170,134,26,1,0,32,0,1,0,35,0,71,3,4,2,0,6,1,18,930,37,10,1172,139,0,305,41,183,4,0,1,0,0,0,1,38,85,13,2726
Puglia,Foggia,26947,19,0,14,2,3,0,0,24,1,4,0,0,21,17,0,785,117,1142,424,42,38,3,0,0,9,0,13549,134,411,3,1328,647,1434,1,27,115,121,3492,379,439,29,1,13,94,0,0,0,207,2,187,2,20,8,0,8,0,61,1412,228,45,2455,462,1,372,35,262,0,0,17,0,4,2,8,69,87,16,4586
Puglia,Lecce,24654,0,0,4,0,1,0,0,12,1,1,0,0,15,9,1,626,138,1096,349,43,40,2,1,0,5,0,12169,82,280,1,2298,737,1076,10,9,177,137,1492,368,193,28,1,3,42,1,0,0,54,0,127,6,9,1,0,4,0,8,1650,249,100,2295,321,0,397,46,241,0,0,11,0,1,1,7,64,231,43,4221
Puglia,Taranto,17806,2,0,5,0,1,0,0,14,1,0,0,0,19,11,0,520,120,665,150,27,20,5,1,0,3,1,9132,104,255,0,1459,429,850,2,15,93,290,1560,174,198,22,3,0,58,0,0,0,63,0,86,7,7,5,0,13,1,10,1075,195,87,1262,153,0,283,11,221,2,0,6,0,0,0,5,69,244,28,3337
Basilicata,Matera,4854,0,0,0,0,0,0,0,2,0,0,0,0,10,6,1,158,31,228,25,10,7,3,0,0,2,0,1940,5,80,0,238,99,167,0,9,10,15,249,52,30,4,1,0,7,0,0,0,10,0,26,0,0,0,0,2,0,5,407,58,27,767,25,0,70,5,46,0,0,2,0,0,0,1,24,11,2,967
Basilicata,Potenza,8681,3,0,1,0,0,0,0,6,0,0,0,0,22,12,1,416,121,660,163,21,20,0,0,0,0,0,2343,16,141,0,501,149,180,1,6,11,3,147,84,37,8,0,0,3,0,0,0,13,0,76,4,10,3,0,5,1,6,812,78,48,963,36,0,136,11,86,0,0,14,3,3,1,6,25,23,24,2591
Calabria,Catanzaro,13043,2,0,2,0,2,0,0,6,0,2,0,0,12,4,1,397,113,724,184,25,25,0,0,0,3,0,5657,27,145,0,529,251,775,1,4,58,107,1124,121,58,12,1,1,9,0,1,0,21,0,106,3,8,1,1,4,3,7,951,197,152,1593,176,0,189,25,128,0,0,9,0,1,0,8,30,37,1,2425
Calabria,Cosenza,20874,6,0,6,0,0,0,0,16,1,0,0,1,23,14,1,697,156,1258,245,26,23,3,0,0,6,1,9168,49,259,0,1378,491,1032,1,20,66,57,1345,189,164,30,4,13,28,0,0,0,49,0,114,12,16,4,0,7,2,8,1293,630,483,2091,261,0,377,36,222,5,0,16,4,2,3,7,43,56,6,3980
Calabria,Crotone,4750,2,0,1,0,0,0,0,10,0,0,0,0,1,0,0,199,40,314,79,9,6,3,0,0,1,0,1319,11,30,0,238,102,87,0,1,9,21,142,42,23,5,0,0,2,0,0,0,8,0,29,3,1,0,0,6,1,7,321,154,140,554,94,0,102,24,65,2,0,2,0,0,0,2,11,10,0,1415
Calabria,Reggio Calabria,16904,11,0,9,0,5,0,0,25,0,5,0,0,30,15,3,433,162,942,275,23,20,1,1,0,6,2,6455,145,342,1,881,319,540,1,8,82,210,812,203,151,14,5,5,25,0,0,2,62,1,97,3,9,0,0,20,10,16,1279,139,95,1808,261,0,313,63,170,1,0,17,1,3,1,10,75,47,22,4061
Calabria,Vibo Valentia,5430,1,0,3,0,0,0,0,8,0,0,0,0,5,4,0,191,71,474,92,3,3,0,0,0,2,1,1532,11,32,0,234,58,93,1,0,7,16,239,54,41,6,1,2,5,0,0,0,15,0,45,1,4,0,0,2,1,1,510,44,30,699,125,0,93,14,54,0,0,1,1,0,0,0,11,10,4,1401
Sicilia,Agrigento,12281,1,1,1,0,0,0,0,8,1,0,0,1,12,9,0,537,98,897,171,25,18,6,0,0,3,1,4701,62,155,0,1088,199,365,10,6,127,87,283,141,94,16,5,3,11,0,0,0,33,0,61,1,13,2,1,8,6,5,812,69,26,1250,202,0,174,20,109,0,0,18,0,2,0,16,27,28,20,2895
Sicilia,Caltanissetta,8482,0,0,3,0,0,0,0,10,0,0,0,0,6,4,0,391,77,526,92,9,8,1,0,0,0,0,3446,33,91,0,809,167,282,1,5,71,94,308,107,64,23,1,0,3,0,0,0,25,0,51,0,7,4,0,3,0,6,503,42,0,970,234,0,114,13,87,0,0,4,0,3,0,1,31,41,15,1730
Sicilia,Catania,44480,2,0,10,1,0,0,0,40,0,1,0,0,28,6,2,1020,240,1353,227,40,37,1,2,0,3,1,27499,665,1212,0,3256,1057,3337,5,39,454,1597,5886,405,819,61,13,12,147,1,0,0,372,1,142,1,39,15,0,13,2,47,1924,97,2,2332,255,0,683,61,495,1,4,24,1,8,3,12,177,156,56,6845
Sicilia,Enna,3835,0,0,1,0,0,0,0,4,0,1,0,0,5,3,0,183,29,316,36,11,8,3,0,0,5,1,1285,11,42,0,301,66,89,1,1,9,8,76,60,28,6,0,4,2,0,0,0,10,0,15,3,4,3,0,0,0,5,321,29,2,380,57,0,70,9,45,1,0,3,1,0,0,1,17,13,4,950
Sicilia,Messina,17651,0,0,1,0,0,0,0,15,0,0,0,0,14,12,0,730,137,986,257,47,40,4,0,0,3,0,6800,87,192,0,1031,356,564,2,13,155,549,580,141,227,18,8,5,68,0,0,0,68,0,104,5,22,1,0,16,1,5,1426,58,8,1928,177,0,310,31,136,0,0,9,1,1,3,4,72,46,24,4090
Sicilia,Palermo,47614,3,0,7,0,0,0,0,27,1,0,0,0,37,12,4,1096,248,1533,330,65,57,7,0,0,9,6,26236,477,2192,1,2943,1189,1883,10,20,846,1876,4348,535,1156,82,35,18,224,0,0,0,569,0,185,2,23,10,1,9,4,23,2967,106,4,2895,310,36,738,82,465,3,0,28,2,7,1,17,210,112,107,8571
Sicilia,Ragusa,10172,3,0,3,0,0,0,0,10,1,0,0,0,11,8,2,310,66,434,105,29,22,2,1,0,7,1,5325,41,125,0,1044,229,400,2,6,333,70,269,118,49,8,6,2,5,0,0,0,19,0,35,5,9,0,1,8,1,7,510,27,4,617,100,0,192,15,136,1,0,10,3,0,0,6,22,108,13,2037
Sicilia,Siracusa,15706,2,0,5,0,0,0,0,15,1,0,0,1,7,3,0,559,119,780,182,19,15,1,0,1,1,1,7385,98,240,0,1352,342,635,5,7,290,345,646,139,152,15,12,3,29,0,0,0,51,0,108,0,6,0,0,4,4,11,906,84,3,1199,224,2,292,33,203,0,1,17,1,3,1,11,44,57,32,3349
Sicilia,Trapani,15991,4,0,8,2,0,0,0,12,0,0,0,0,12,6,1,535,84,743,136,22,15,4,0,0,4,3,8420,150,300,0,2099,560,853,1,8,415,194,559,193,152,25,14,3,21,0,0,0,54,0,81,3,15,1,0,4,1,8,812,89,17,1215,340,0,226,41,117,1,0,16,1,4,2,7,45,19,2,2787
Sardegna,Cagliari,22258,4,1,5,0,0,0,0,8,0,0,0,0,17,14,0,715,183,1107,223,51,48,2,0,0,9,2,8962,92,321,0,1055,787,1253,1,4,148,218,680,178,210,20,1,1,45,0,1,0,99,0,83,0,10,2,2,1,0,14,1736,66,5,3767,311,0,467,49,310,1,0,17,0,7,3,7,59,44,5,4003
Sardegna,Nuoro,6232,1,0,5,0,0,0,0,12,4,0,0,1,8,5,0,171,62,425,89,15,14,1,0,0,1,0,1990,7,37,0,293,102,116,3,1,9,11,183,74,40,8,1,0,3,0,0,0,12,0,52,0,3,1,0,1,0,2,586,24,1,878,134,0,117,24,60,0,0,2,0,2,0,0,31,16,4,1488
Sardegna,Oristano,2843,0,0,1,0,0,0,0,1,0,0,0,0,3,3,0,93,15,158,19,4,4,0,0,0,0,0,1160,4,36,0,169,74,97,1,2,10,7,54,41,15,6,0,0,1,0,0,0,5,0,27,0,1,0,0,1,0,1,252,8,2,316,47,0,69,21,33,0,0,2,0,0,0,2,22,5,4,578
Sardegna,Sassari,16045,3,0,4,0,0,0,0,15,0,0,0,1,12,10,0,517,144,838,163,27,24,2,0,0,2,2,6849,36,250,0,1221,607,891,0,3,94,114,273,247,89,17,0,1,24,0,0,0,37,0,70,0,8,1,0,0,0,9,1227,31,1,1830,153,0,280,54,172,0,0,6,1,2,2,1,41,66,4,3407
,Sardegna,Sassari,16045,3,0,4,0,0,0,0,15,0,0,0,1,12,10,0,517,144,838,163,27,24,2,0,0,2,2,6849,36,250,0,1221,607,891,0,3,94,114,273,247,89,17,0,1,24,0,0,0,37,0,70,0,8,1,0,0,0,9,1227,31,1,1830,153,0,280,54,172,0,0,6,1,2,2,1,41,66,4
